<?xml version="1.0" encoding="UTF-8"?>
<project-private xmlns="http://www.netbeans.org/ns/project-private/1">
    <editor-bookmarks xmlns="http://www.netbeans.org/ns/editor-bookmarks/2" lastBookmarkId="0"/>
    <open-files xmlns="http://www.netbeans.org/ns/projectui-open-files/2">
        <group>
            <file>file:/home/armando/NetBeansProjects/Votacion/src/votacion/JFrameMenu.java</file>
            <file>file:/home/armando/NetBeansProjects/Votacion/src/votacion/JFrameConfVota.java</file>
            <file>file:/home/armando/NetBeansProjects/Votacion/src/votacion/JFrameConfElec.java</file>
            <file>file:/home/armando/NetBeansProjects/Votacion/src/votacion/dimension.java</file>
            <file>file:/home/armando/NetBeansProjects/Votacion/src/votacion/JFrameConteoVotos.java</file>
            <file>file:/home/armando/NetBeansProjects/Votacion/src/votacion/JFramelogin.java</file>
            <file>file:/home/armando/NetBeansProjects/Votacion/src/votacion/JFrameVotacion.java</file>
        </group>
    </open-files>
</project-private>
